Year,BLS CPI U,YoY Change
2020,1,
2021,1.052575243,5.26%
2022,1.141670102,8.91%
2023,1.185301767,4.36%
2024,1.219244553,3.39%
2025,1.26950065,5.03%
