Year,Gen Z CPI,YoY Change
2020,1,
2021,1.051678533,5.17%
2022,1.141008945,8.93%
2023,1.185936444,4.49%
2024,1.226403141,4.05%
2025,1.27659536,5.02%
